{
    "home": {
        "ur10e_shoulder_pan": -1.5707999999999984,
        "ur10e_shoulder_lift": -1.5707999999999984,
        "ur10e_elbow": 1.5707999999999984,
        "ur10e_wrist_1": -1.5707999999999984,
        "ur10e_wrist_2": -1.5707999999999984,
        "ur10e_wrist_3": 0.0
    }
}